{
  "project_info": {
    "project_number": "255022961921",
    "project_id": "roadpetrol-307a2",
    "storage_bucket": "roadpetrol-307a2.appspot.com"
  },
  "client": [
    {
      "client_info": {
        "mobilesdk_app_id": "1:255022961921:android:005f19bd1e86d3c0a1b700",
        "android_client_info": {
          "package_name": "com.example.roadpetrol"
        }
      },
      "oauth_client": [
        {
          "client_id": "255022961921-0dbukhqg46s23p27mqbrgqlqd3pjkp02.apps.googleusercontent.com",
          "client_type": 3
        }
      ],
      "api_key": [
        {
          "current_key": "AIzaSyDCFeVF9zzexfM0Y4UphgGzsunnOTXPZMw"
        }
      ],
      "services": {
        "appinvite_service": {
          "other_platform_oauth_client": [
            {
              "client_id": "255022961921-0dbukhqg46s23p27mqbrgqlqd3pjkp02.apps.googleusercontent.com",
              "client_type": 3
            }
          ]
        }
      }
    }
  ],
  "configuration_version": "1"
}